{
  "results": [
    {
      "command": "bash ~/.claude/statusline-command.sh < packages/statusline/bench/average.json",
      "mean": 0.09918537204666666,
      "stddev": 0.004249248622446485,
      "median": 0.09830974668,
      "user": 0.051503246666666676,
      "system": 0.0611898,
      "min": 0.09168076668,
      "max": 0.11062022468,
      "times": [
        0.09668266968, 0.09168076668, 0.10476554768, 0.09831715568, 0.10111450368000001,
        0.09738460868, 0.09609572868, 0.09774298768, 0.09742784168, 0.09306454668,
        0.09795111168000001, 0.10191260368, 0.10046414068000001, 0.09830233768, 0.09452874068,
        0.09758077068, 0.10867216568, 0.10098595968, 0.10018286868000001, 0.09777976768,
        0.09643228568000001, 0.10106735368, 0.10638472368, 0.11062022468, 0.09328583668,
        0.09987830168, 0.09978366268000001, 0.09935848668000001, 0.09982210468000001,
        0.09629135768000001
      ],
      "memory_usage_byte": [
        24559616, 24694784, 24694784, 24694784, 24731648, 24731648, 24731648, 24731648, 24731648,
        24731648, 24731648, 24731648, 24731648, 24731648, 24731648, 24731648, 24731648, 24731648,
        24731648, 24768512, 24768512, 24768512, 24768512, 24768512, 24768512, 24768512, 24768512,
        24768512, 24768512, 24768512
      ],
      "exit_codes": [
        0, 0, 0, 0, 0, 0, 0, 0, 0, 0, 0, 0, 0, 0, 0, 0, 0, 0, 0, 0, 0, 0, 0, 0, 0, 0, 0, 0, 0, 0
      ],
      "parameters": {
        "fixture": "average"
      }
    },
    {
      "command": "STATUSLINE_STATE_DIR=/tmp/tmp.YdAq4VGlqi bun packages/statusline/index.ts < packages/statusline/bench/average.json",
      "mean": 0.045054327778591544,
      "stddev": 0.010660470792103832,
      "median": 0.04240654968,
      "user": 0.036042827887323936,
      "system": 0.02989330985915493,
      "min": 0.03545620668,
      "max": 0.09047888068,
      "times": [
        0.03987674868, 0.04277253268, 0.04663015868, 0.044522797680000004, 0.03892746168,
        0.03763897068, 0.04334298268, 0.04295610068, 0.03977211068, 0.04248003868, 0.03795818468,
        0.04033849268, 0.039688431680000004, 0.03852554968, 0.04036266868, 0.04439650768,
        0.03795385768, 0.04217201468, 0.03825833368, 0.04482894768, 0.04000839768,
        0.042811657680000004, 0.03832530968, 0.042608561680000004, 0.04240654968, 0.04482318568,
        0.04205450268, 0.03765445068, 0.03838290968, 0.03815957668, 0.03711232368, 0.03744553468,
        0.04118578768, 0.03980926068, 0.04369412768, 0.04106105068, 0.03926678268, 0.03764305868,
        0.04370519968, 0.03761978468, 0.03545620668, 0.04085169468, 0.04465100968, 0.03861776468,
        0.03685778168, 0.03611278968, 0.03861567068, 0.03699349768, 0.04415964968, 0.04528601268,
        0.04275999868, 0.04201768268, 0.04527261768, 0.04601347068, 0.05601832768, 0.05132386768,
        0.05026443068, 0.049328778680000004, 0.05093140368, 0.04721500568, 0.05839476868,
        0.08822830768, 0.07773175968, 0.09047888068, 0.053994614680000004, 0.057668713680000004,
        0.04893838968, 0.04526159668, 0.04078910568, 0.05930250668, 0.07014006268
      ],
      "memory_usage_byte": [
        53948416, 53948416, 54026240, 54026240, 54026240, 54026240, 54091776, 54091776, 54091776,
        54091776, 54091776, 54091776, 54091776, 54091776, 54091776, 54091776, 54091776, 54091776,
        54091776, 54091776, 54091776, 54091776, 54091776, 54091776, 54091776, 54091776, 54091776,
        54091776, 54091776, 54091776, 54091776, 54091776, 54091776, 54091776, 54091776, 54091776,
        54091776, 54091776, 54091776, 54091776, 54091776, 54091776, 54095872, 54095872, 54095872,
        54095872, 54095872, 54095872, 54095872, 54095872, 54095872, 54095872, 54095872, 54157312,
        54157312, 54157312, 54157312, 54157312, 54157312, 54157312, 54157312, 54157312, 54157312,
        54157312, 54157312, 54157312, 54157312, 54157312, 54157312, 54157312, 54157312
      ],
      "exit_codes": [
        0, 0, 0, 0, 0, 0, 0, 0, 0, 0, 0, 0, 0, 0, 0, 0, 0, 0, 0, 0, 0, 0, 0, 0, 0, 0, 0, 0, 0, 0, 0,
        0, 0, 0, 0, 0, 0, 0, 0, 0, 0, 0, 0, 0, 0, 0, 0, 0, 0, 0, 0, 0, 0, 0, 0, 0, 0, 0, 0, 0, 0, 0,
        0, 0, 0, 0, 0, 0, 0, 0, 0
      ],
      "parameters": {
        "fixture": "average"
      }
    },
    {
      "command": "bash ~/.claude/statusline-command.sh < packages/statusline/bench/heavy.json",
      "mean": 0.13048738511333335,
      "stddev": 0.030990059180648014,
      "median": 0.12106757518,
      "user": 0.06373961333333332,
      "system": 0.08116769999999998,
      "min": 0.09543988468,
      "max": 0.22143684168000002,
      "times": [
        0.11850041768000001, 0.12233821668, 0.14993261568000002, 0.16403845968, 0.15528817768,
        0.20814403868, 0.22143684168000002, 0.14483756668, 0.14557662668000002, 0.12862857968,
        0.15036972268, 0.12135130768, 0.12078384268, 0.10343194068, 0.11232197768,
        0.10329123468000001, 0.11599626568, 0.10175884268, 0.09627398468000001, 0.10762624468000001,
        0.11147738768000001, 0.10576991868, 0.13559319868, 0.12923444668, 0.15566926968,
        0.16517356868000002, 0.11555651268, 0.09543988468, 0.10057785568000001, 0.10820260568000001
      ],
      "memory_usage_byte": [
        54157312, 54157312, 54157312, 54157312, 54157312, 54157312, 54157312, 54157312, 54157312,
        54157312, 54157312, 54157312, 54157312, 54157312, 54157312, 54157312, 54157312, 54157312,
        54157312, 54157312, 54157312, 54157312, 54157312, 54157312, 54157312, 54157312, 54157312,
        54157312, 54157312, 54157312
      ],
      "exit_codes": [
        0, 0, 0, 0, 0, 0, 0, 0, 0, 0, 0, 0, 0, 0, 0, 0, 0, 0, 0, 0, 0, 0, 0, 0, 0, 0, 0, 0, 0, 0
      ],
      "parameters": {
        "fixture": "heavy"
      }
    },
    {
      "command": "STATUSLINE_STATE_DIR=/tmp/tmp.YdAq4VGlqi bun packages/statusline/index.ts < packages/statusline/bench/heavy.json",
      "mean": 0.04198310551076922,
      "stddev": 0.00330803229276932,
      "median": 0.04186931168,
      "user": 0.03486754923076923,
      "system": 0.026929430769230774,
      "min": 0.03644336568,
      "max": 0.05064783668,
      "times": [
        0.04389474768, 0.043359644680000003, 0.04252572468, 0.04476753068, 0.04159300868,
        0.04269241068, 0.04727518968, 0.04310376968, 0.04762246768, 0.04746058068,
        0.045455222680000004, 0.041237184680000004, 0.04115750468, 0.03915014168, 0.04062352268,
        0.04451935068, 0.05064783668, 0.04186931168, 0.04152673268, 0.04220328368,
        0.042950750680000004, 0.043064926680000004, 0.04170251568, 0.04104182468, 0.04702498568,
        0.043834663680000004, 0.04794632068, 0.04856126468, 0.04487470368, 0.03972170468,
        0.04173794368, 0.04383188768, 0.046960392680000004, 0.04188463068, 0.044349178680000004,
        0.04076346768, 0.04289377168, 0.04202945568, 0.03908829568, 0.03724535468, 0.04265162368,
        0.03726885968, 0.03762355068, 0.04021160268, 0.03725522368, 0.038245498680000004,
        0.03807194068, 0.03789015668, 0.038428555680000004, 0.04743729668, 0.043333053680000004,
        0.04210504868, 0.04082290068, 0.03671426868, 0.03644336568, 0.044108261680000004,
        0.03804059068, 0.04131233668, 0.03976842368, 0.04019783568, 0.04196925068, 0.03951497268,
        0.03783233668, 0.04080190068, 0.03665979668
      ],